{"cameraMode":{"drawMode":0,"name":"Shaded","section":"Shading Mode"},"sceneLighting":false,"audioPlay":false,"sceneViewState":{"m_AlwaysRefresh":false,"showFog":true,"showSkybox":false,"showFlares":true,"showImageEffects":true,"showParticleSystems":true,"showVisualEffectGraphs":true,"m_FxEnabled":true},"in2DMode":false,"pivot":{"x":2.104309320449829,"y":57.188785552978519,"z":-87.84432983398438},"rotation":{"x":0.008498565293848515,"y":0.7646523118019104,"z":0.010087531059980393,"w":-0.644317090511322},"size":2.9110283851623537,"orthographic":false}